{
  "trades": 657,
  "tp": 201,
  "sl": 456,
  "cancels": 0,
  "pnl_netto": 62.37053655103302,
  "pnl_tp": 199.0777329780232,
  "pnl_sl": -236.7071964269902,
  "current_timestamp": 1772322900000000,
  "last_outcome_decomposition": {
    "perception_quality": 0.5098224228274666,
    "felt_quality": 0.7409588927242385,
    "thought_quality": 0.8123011327934647,
    "plan_quality": 0.33999999999999997,
    "execution_quality": 0.38,
    "risk_fit_quality": 0.14,
    "reason": "sl_hit"
  }
}