{
  "trades": 204,
  "tp": 82,
  "sl": 122,
  "cancels": 0,
  "pnl_netto": 149.84275195381196,
  "pnl_tp": 193.24027644257944,
  "pnl_sl": -143.39752448876757,
  "current_timestamp": 1772322600000000
}