{
  "trades": 1508,
  "tp": 569,
  "sl": 939,
  "cancels": 0,
  "pnl_netto": 429.464668602123,
  "pnl_tp": 2143.1271881177604,
  "pnl_sl": -1813.6625195156391,
  "current_timestamp": 1767224100000000
}